<?xml version="1.0" encoding="iso-8859-1" ?>
 <extension key="org.civicrm.module.cividiscount" type="module">
  <downloadUrl>http://github.com/lobo/org.civicrm.module.cividiscount.zip</downloadUrl>
  <file>cividiscount</file>
  <name>CiviDiscount Module Extension</name>
  <description>desc</description>
  <urls>
    <url desc="Main Extension Page">http://civicrm.org</url>
    <url desc="Documentation">http://wiki.civicrm.org/confluence/display/CRMDOC/</url>
    <url desc="Support">http://forum.civicrm.org</url>
    <url desc="Licensing">http://civicrm.org/licensing</url>
  </urls>
  <license>AGPL</license>
  <maintainer>
    <author>CiviCRM LLC</author>
    <email>info@civicrm.org</email>
  </maintainer>
  <releaseDate>2012-04-01</releaseDate>
  <version>1.0</version>
  <develStage>beta</develStage>
  <compatibility>
    <ver>4.2</ver>
  </compatibility>
  <comments>For support, please contact project team on the forums. (http://forum.civicrm.org)</comments>
</extension>
