<?xml version="1.0" encoding="utf-8"?>
<extension key="com.drastikbydesign.payment.stripe" type="payment">
  <downloadUrl>https://github.com/downloads/drastik/civicrm_stripe/com.drastikbydesign.payment.stripe-4.1.zip</downloadUrl>
  <file>stripe</file>
  <name>Stripe</name>
  <description>Stripe Payment Processor</description>
  <urls>
    <url desc="Main Extension Page">http://drastikbydesign.com</url>
  </urls>
  <license>AGPL</license>
  <maintainer>
    <author>Joshua Walker (drastik) - Drastik by Design</author>
    <email>admin (at) drastikbydesign.com</email>
  </maintainer>
  <releaseDate>2012-08-23</releaseDate>
  <version>1.1</version>
  <develStage>stable</develStage>
  <compatibility><ver>4.1</ver></compatibility>
  <comments></comments>
  <typeInfo>
   <userNameLabel>Secret Key</userNameLabel>
   <passwordLabel>Publishable Key</passwordLabel>
   <signatureLabel></signatureLabel>
   <subjectLabel></subjectLabel>
   <urlSiteDefault>https://api.stripe.com/v1</urlSiteDefault>
   <urlApiDefault></urlApiDefault>
   <urlRecurDefault>https://api.stripe.com/v1</urlRecurDefault>
   <urlSiteTestDefault>https://api.stripe.com/v1</urlSiteTestDefault>
   <urlApiTestDefault></urlApiTestDefault>
   <urlRecurTestDefault>https://api.stripe.com/v1</urlRecurTestDefault>
   <urlButtonDefault></urlButtonDefault>
   <urlButtonTestDefault></urlButtonTestDefault>
   <billingMode>form</billingMode>
   <isRecur>1</isRecur>
   <paymentType>1</paymentType>
  </typeInfo>
</extension>
