<?xml version="1.0"?>
<extension key="com.drastikbydesign.stripe" type="module">
  <file>stripe</file>
  <name>Stripe</name>
  <description>Stripe Payment Processor</description>
  <license>AGPL</license>
  <maintainer>
    <author>Joshua Walker (drastik) - Drastik by Design</author>
    <email>admin (at) drastikbydesign.com</email>
  </maintainer>
  <releaseDate>2012-08-21</releaseDate>
  <version>1.1</version>
  <develStage>stable</develStage>
  <compatibility>
    <ver>4.2</ver>
  </compatibility>
  <comments>http://drastikbydesign.com/blog-entry/civicrm-stripe-payment-processor</comments>
  <civix>
    <namespace>CRM/Stripe</namespace>
  </civix>
</extension>
