<?xml version="1.0"?>
<extension key="nz.co.fuzion.extendedreport" type="module">
  <downloadUrl>http://github.com/downloads/eileenmcnaughton/nz.co.fuzion.extendedreport/nz.co.fuzion.extendedreport.zip</downloadUrl>
  <file>extendedreport</file>
  <name>ExtendedReport</name>
  <description>Extended reports</description>
  <license>AGPL</license>
  <maintainer>
    <author>Eileen McNaughton</author>
    <email>eileen@fuzion.co.nz</email>
  </maintainer>
  <releaseDate>2012-08-24</releaseDate>
  <version>1.0</version>
  <develStage>stable</develStage>
  <compatibility>
    <ver>3.4</ver>
    <ver>4.1</ver>
    <ver>4.2</ver>
  </compatibility>
  <comments>Currently still testing report install framework</comments>
  <civix>
    <namespace>CRM/Extendedreport</namespace>
  </civix>
    <typeInfo>
    <reportUrl>price/contributionbased</reportUrl>
    <component>CiviContribute</component>      
  </typeInfo>
</extension>
